symbol,company,anex,acqName,date,pid,tkdAcqm,buyValue,sellValue,buyQuantity,sellquantity,secType,secAcq,did,tdpTransactionType,tdpDerivativeContractType,xbrl,personCategory,befAcqSharesNo,befAcqSharesPer,secVal,securitiesTypePost,afterAcqSharesNo,afterAcqSharesPer,acqfromDt,acqtoDt,intimDt,acqMode,derivativeType,exchange,remarks
NARMADA,Narmada Agrobase Limited,7(2),NEERAJKUMAR S AGARWAL,25-Nov-2024 18:08,1173821,,0,0,0,0,Equity Shares,6113556,525815,Buy,-,https://nsearchives.nseindia.com/corporate/xbrl/IT_1173821_1319192_25112024060837_WEB.xml,Promoters,3396420,25.07,91703340,Equity Shares,9509976,25.07,15-Oct-2024,15-Oct-2024,25-Nov-2024,Others,-,NA,-
COFFEEDAY,Coffee Day Enterprises Limited,7(2),Malavika Hegde,25-Nov-2024 17:50,1173815,,0,0,0,0,Equity Shares,5681924,525800,Buy,-,https://nsearchives.nseindia.com/corporate/xbrl/IT_1173815_1319164_25112024055019_WEB.xml,Promoters,2461656,1.16,0,Equity Shares,8143580,3.85,21-Nov-2024,21-Nov-2024,23-Nov-2024,Inter-se-Transfer,-,NA,-
COFFEEDAY,Coffee Day Enterprises Limited,7(2),V.G.Siddhartha,25-Nov-2024 17:50,1173815,,0,0,0,0,Equity Shares,5681924,525799,Sell,-,https://nsearchives.nseindia.com/corporate/xbrl/IT_1173815_1319164_25112024055019_WEB.xml,Promoters,9097927,4.31,0,Equity Shares,3416003,1.62,21-Nov-2024,21-Nov-2024,23-Nov-2024,Inter-se-Transfer,-,NA,-
NH,Narayana Hrudayalaya Ltd.,7(2),Ameya Shetty,18-Nov-2024 15:48,1173405,,0,0,0,0,Equity Shares,10218040,524999,Sell,-,https://nsearchives.nseindia.com/corporate/xbrl/IT_1173405_1316353_18112024034817_WEB.xml,Promoter Group,10218040,5,0,Equity Shares,Nil,0,11-Nov-2024,11-Nov-2024,13-Nov-2024,Inter-se-Transfer,-,NA,-
NH,Narayana Hrudayalaya Ltd.,7(2),Shakuntala Shetty,18-Nov-2024 15:48,1173405,,0,0,0,0,Equity Shares,10218040,525000,Buy,-,https://nsearchives.nseindia.com/corporate/xbrl/IT_1173405_1316353_18112024034817_WEB.xml,Promoters,62083095,30.38,0,Equity Shares,72301135,35.38,11-Nov-2024,11-Nov-2024,13-Nov-2024,Inter-se-Transfer,-,NA,-
ESTER,Ester Industries Limited,7(2),MOVI Limited,15-Nov-2024 10:04,1173315,,0,0,0,0,Warrants,2531645,524742,Buy,-,https://nsearchives.nseindia.com/corporate/xbrl/IT_1173315_1313683_15112024100429_WEB.xml,Promoter Group,Nil,0,399999910,Warrants,2531645,0,13-Nov-2024,13-Nov-2024,14-Nov-2024,Preferential Offer,-,NA,-
ESTER,Ester Industries Limited,7(2),Mr. Arvind Singhania,15-Nov-2024 10:04,1173315,,0,0,0,0,Warrants,3797468,524741,Buy,-,https://nsearchives.nseindia.com/corporate/xbrl/IT_1173315_1313683_15112024100429_WEB.xml,Promoters,Nil,0,599999944,Warrants,3797468,0,13-Nov-2024,13-Nov-2024,14-Nov-2024,Preferential Offer,-,NA,-
TIMESGTY,Times Guaranty Limited,7(2),"Bennett, Coleman & Company Limited",11-Nov-2024 18:21,1173102,,0,0,0,0,Equity Shares,6737399,524277,Sell,-,https://nsearchives.nseindia.com/corporate/xbrl/IT_1173102_1304385_11112024062130_WEB.xml,Promoters,6737399,74.92,336937324,Equity Shares,Nil,0,07-Nov-2024,07-Nov-2024,11-Nov-2024,Off Market,-,NA,-
TIMESGTY,Times Guaranty Limited,7(2),Team India Managers Limited,11-Nov-2024 17:43,1173098,,0,0,0,0,Equity Shares,4075024,524270,Buy,-,https://nsearchives.nseindia.com/corporate/xbrl/IT_1173098_1304197_11112024054351_WEB.xml,Promoters,Nil,0,203792597,Equity Shares,4075024,45.31,06-Nov-2024,07-Nov-2024,08-Nov-2024,Off Market,-,NA,-
WIPRO,Wipro Limited,7(2),Prazim Traders,11-Nov-2024 17:03,1173093,,0,0,0,0,Equity Shares,44954128,524255,Sell,-,https://nsearchives.nseindia.com/corporate/xbrl/IT_1173093_1304016_11112024050341_WEB.xml,Promoter Group,1065603101,20.37,25174311680,Equity Shares,1020648973,19.51,08-Nov-2024,08-Nov-2024,08-Nov-2024,Inter-se-Transfer,-,NSE,-
WIPRO,Wipro Limited,7(2),Zash Traders,11-Nov-2024 17:03,1173093,,0,0,0,0,Equity Shares,40000000,524257,Sell,-,https://nsearchives.nseindia.com/corporate/xbrl/IT_1173093_1304016_11112024050341_WEB.xml,Promoter Group,1080566791,20.66,22400000000,Equity Shares,1040566791,19.89,08-Nov-2024,08-Nov-2024,08-Nov-2024,Inter-se-Transfer,-,NSE,-
WIPRO,Wipro Limited,7(2),Prazim Trading And Investment Company Pvt Ltd,11-Nov-2024 17:03,1173093,,0,0,0,0,Equity Shares,84954128,524256,Buy,-,https://nsearchives.nseindia.com/corporate/xbrl/IT_1173093_1304016_11112024050341_WEB.xml,Promoter Group,Nil,0,47574311680,Equity Shares,84954128,1.62,08-Nov-2024,08-Nov-2024,08-Nov-2024,Inter-se-Transfer,-,NSE,-
SADBHAV,Sadbhav Engineering Limited,7(2),SHASHIN VISHNUBHAI PATEL,08-Nov-2024 16:22,1173033,,0,0,0,0,Equity Shares,19715734,524072,Buy,-,https://nsearchives.nseindia.com/corporate/xbrl/IT_1173033_1301481_08112024042208_WEB.xml,Promoter Group,7378608,4.3,601724201,Equity Shares,27094342,15.79,05-Nov-2024,05-Nov-2024,07-Nov-2024,Others,-,NA,-
MANORAMA,Manorama Industries Limited,7(2),AGASTYA SARAF,07-Nov-2024 20:39,1173010,,0,0,0,0,Equity Shares,12818399,524036,Sell,-,https://nsearchives.nseindia.com/corporate/xbrl/IT_1173010_1300614_07112024083928_WEB.xml,Promoter Group,14308375,24.01,0,Equity Shares,1489976,2.5,05-Nov-2024,05-Nov-2024,06-Nov-2024,Inter-se-Transfer,-,NA,-
MANORAMA,Manorama Industries Limited,7(2),VINITA ASHISH SARAF,07-Nov-2024 20:39,1173010,,0,0,0,0,Equity Shares,7935495,524034,Sell,-,https://nsearchives.nseindia.com/corporate/xbrl/IT_1173010_1300614_07112024083928_WEB.xml,Promoters,13895400,23.31,0,Equity Shares,5959905,10,05-Nov-2024,05-Nov-2024,06-Nov-2024,Inter-se-Transfer,-,NA,-
MANORAMA,Manorama Industries Limited,7(2),SHREY ASHISH SARAF,07-Nov-2024 20:39,1173010,,0,0,0,0,Equity Shares,4430264,524035,Sell,-,https://nsearchives.nseindia.com/corporate/xbrl/IT_1173010_1300614_07112024083928_WEB.xml,Promoter Group,5920240,9.93,0,Equity Shares,1489976,2.5,05-Nov-2024,05-Nov-2024,06-Nov-2024,Inter-se-Transfer,-,NA,-
MANORAMA,Manorama Industries Limited,7(2),ASHISH RAMESH SARAF,07-Nov-2024 20:39,1173010,,0,0,0,0,Equity Shares,25184158,524037,Buy,-,https://nsearchives.nseindia.com/corporate/xbrl/IT_1173010_1300614_07112024083928_WEB.xml,Immediate relative,Nil,0,0,Equity Shares,25184158,42.26,05-Nov-2024,05-Nov-2024,06-Nov-2024,Inter-se-Transfer,-,NA,-
AMIORG,Ami Organics Limited,7(2),Parulben Vaghasia,05-Nov-2024 16:26,1172914,,0,0,0,0,Equity Shares,2937500,523838,Sell,-,https://nsearchives.nseindia.com/corporate/xbrl/IT_1172914_1297231_05112024042647_WEB.xml,Promoters,2937500,7.18,0,Equity Shares,Nil,0,04-Nov-2024,04-Nov-2024,05-Nov-2024,Gift,-,NA,-
AMIORG,Ami Organics Limited,7(2),NARESHKUMAR RAMJIBHAI PATEL,05-Nov-2024 16:26,1172914,,0,0,0,0,Equity Shares,3637500,523835,Buy,-,https://nsearchives.nseindia.com/corporate/xbrl/IT_1172914_1297231_05112024042647_WEB.xml,Promoters,4278624,10.45,0,Equity Shares,7916124,19.34,04-Nov-2024,04-Nov-2024,05-Nov-2024,Gift,-,NA,-
AMIORG,Ami Organics Limited,7(2),CHETANKUMAR CHHAGANLAL VAGHASIA,05-Nov-2024 16:26,1172914,,0,0,0,0,Equity Shares,2937500,523836,Buy,-,https://nsearchives.nseindia.com/corporate/xbrl/IT_1172914_1297231_05112024042647_WEB.xml,Promoters,3183500,7.78,0,Equity Shares,6121000,14.95,04-Nov-2024,04-Nov-2024,05-Nov-2024,Gift,-,NA,-
AMIORG,Ami Organics Limited,7(2),Sheetalben N. Patel,05-Nov-2024 16:26,1172914,,0,0,0,0,Equity Shares,3637500,523837,Sell,-,https://nsearchives.nseindia.com/corporate/xbrl/IT_1172914_1297231_05112024042647_WEB.xml,Promoters,3637500,8.89,0,Equity Shares,Nil,0,04-Nov-2024,04-Nov-2024,05-Nov-2024,Gift,-,NA,-
SHRENIK,Shrenik Limited,7(2),Shrenik Sudhir Vimawala,05-Nov-2024 13:22,1172905,,0,0,0,0,Equity Shares,5007239,523813,Sell,-,https://nsearchives.nseindia.com/corporate/xbrl/IT_1172905_1296947_05112024012236_WEB.xml,Director,172545633,28.19,3354606,Equity Shares,167538394,27.37,28-Oct-2024,30-Oct-2024,05-Nov-2024,Market Sale,-,NSE,-
MITTAL,Mittal Life Style Limited,7(2),BRIJESHKUMAR JAGDISHKUMAR MITTAL,30-Oct-2024 17:02,1172797,,0,0,0,0,Equity Shares,11817531,523580,Buy,-,https://nsearchives.nseindia.com/corporate/xbrl/IT_1172797_1294379_30102024050251_WEB.xml,Promoters,14655062,3.3,23635062,Equity Shares,26472593,5.96,25-Oct-2024,25-Oct-2024,30-Oct-2024,Others,-,NSE,-
MITTAL,Mittal Life Style Limited,7(2),PRATIK MITTAL (HUF),30-Oct-2024 17:02,1172797,,0,0,0,0,Equity Shares,5570236,523587,Buy,-,https://nsearchives.nseindia.com/corporate/xbrl/IT_1172797_1294379_30102024050251_WEB.xml,Promoter Group,183340,0.04,11140472,Equity Shares,5753576,1.29,25-Oct-2024,25-Oct-2024,30-Oct-2024,Others,-,NSE,-
MITTAL,Mittal Life Style Limited,7(2),BRIJESHKUMAR JAGDISHKUMAR MITTAL (HUF),30-Oct-2024 17:02,1172797,,0,0,0,0,Equity Shares,16828970,523586,Buy,-,https://nsearchives.nseindia.com/corporate/xbrl/IT_1172797_1294379_30102024050251_WEB.xml,Promoter Group,33657940,7.58,33657940,Equity Shares,50486910,11.37,25-Oct-2024,25-Oct-2024,30-Oct-2024,Others,-,NSE,-
MITTAL,Mittal Life Style Limited,7(2),PRATIK BRIJESHKUMAR MITTAL,30-Oct-2024 17:02,1172797,,0,0,0,0,Equity Shares,6904545,523581,Buy,-,https://nsearchives.nseindia.com/corporate/xbrl/IT_1172797_1294379_30102024050251_WEB.xml,Promoters,11729090,2.64,13809090,Equity Shares,18633635,4.19,25-Oct-2024,25-Oct-2024,30-Oct-2024,Others,-,NSE,-
MITTAL,Mittal Life Style Limited,7(2),SUDHA BRIJESHKUMAR MITTAL,30-Oct-2024 17:02,1172797,,0,0,0,0,Equity Shares,12050110,523582,Buy,-,https://nsearchives.nseindia.com/corporate/xbrl/IT_1172797_1294379_30102024050251_WEB.xml,Promoter Group,2720220,0.61,24100220,Equity Shares,14770330,3.32,25-Oct-2024,25-Oct-2024,30-Oct-2024,Others,-,NSE,-
RAMCOIND,Ramco Industries Limited,7(2),RAMCO MANAGEMENT PVT. LTD.,30-Oct-2024 15:06,1172788,,0,0,0,0,Equity Shares,10700000,523557,Buy,-,https://nsearchives.nseindia.com/corporate/xbrl/IT_1172788_1294039_30102024030612_WEB.xml,Promoter Group,1898800,2.19,2482935000,Equity Shares,12598800,14.51,29-Oct-2024,29-Oct-2024,29-Oct-2024,Inter-se-Transfer,-,NSE,-
RAMCOIND,Ramco Industries Limited,7(2),RAJAPALAYAM MILLS LTD,30-Oct-2024 15:06,1172788,,0,0,0,0,Equity Shares,3391500,523556,Buy,-,https://nsearchives.nseindia.com/corporate/xbrl/IT_1172788_1294039_30102024030612_WEB.xml,Promoter Group,8401680,9.68,786997575,Equity Shares,11793180,13.59,29-Oct-2024,29-Oct-2024,29-Oct-2024,Inter-se-Transfer,-,NSE,-
RAMCOIND,Ramco Industries Limited,7(2),THE RAMCO CEMENTS LIMITED,30-Oct-2024 15:06,1172788,,0,0,0,0,Equity Shares,14091500,523558,Sell,-,https://nsearchives.nseindia.com/corporate/xbrl/IT_1172788_1294039_30102024030612_WEB.xml,Promoter Group,14092500,16.23,3269900000,Equity Shares,1000,0,29-Oct-2024,29-Oct-2024,30-Oct-2024,Inter-se-Transfer,-,NSE,-
SHRENIK,Shrenik Limited,7(2),Shrenik Sudhir Vimawala,26-Oct-2024 18:46,1172714,,0,0,0,0,Equity Shares,2559700,523445,Sell,-,https://nsearchives.nseindia.com/corporate/xbrl/IT_1172714_1290021_26102024064643_WEB.xml,Director,175105333,28.61,1854676,Equity Shares,172545633,28.19,21-Oct-2024,25-Oct-2024,26-Oct-2024,Market Sale,-,NSE,-
SANOFICONR,Sanofi Consumer Healthcare India Limited,7(2),Opella Healthcare Participations B.V.,23-Oct-2024 15:39,1172649,,0,0,0,0,Equity Shares,13904722,523309,Buy,-,https://nsearchives.nseindia.com/corporate/xbrl/IT_1172649_1285861_23102024033917_WEB.xml,Promoter Group,Nil,0,69274020240,Equity Shares,13904722,60.37,10-Oct-2024,11-Oct-2024,11-Oct-2024,Inter-se-Transfer,-,BSE,-
SANOFICONR,Sanofi Consumer Healthcare India Limited,7(2),Hoechst GmbH,23-Oct-2024 15:39,1172649,,0,0,0,0,Equity Shares,13904722,523308,Sell,-,https://nsearchives.nseindia.com/corporate/xbrl/IT_1172649_1285861_23102024033917_WEB.xml,Promoters,13904722,60.37,69274020240,Equity Shares,Nil,0,10-Oct-2024,11-Oct-2024,11-Oct-2024,Inter-se-Transfer,-,BSE,-
COCHINSHIP,Cochin Shipyard Limited,7(2),The President of India,21-Oct-2024 19:11,1172607,,0,0,0,0,Equity Shares,13015689,523169,Sell,-,https://nsearchives.nseindia.com/corporate/xbrl/IT_1172607_1283776_21102024071150_WEB.xml,Promoters,191686928,72.86,20177068036,Equity Shares,178671239,67.91,16-Oct-2024,17-Oct-2024,21-Oct-2024,Market Sale,-,NA,-
INFIBEAM,Infibeam Avenues Limited,7(2),Rahul Hirve,18-Oct-2024 17:36,1172577,,0,0,0,0,Equity Shares,3000000,523110,Buy,-,https://nsearchives.nseindia.com/corporate/xbrl/IT_1172577_1278292_18102024053612_WEB.xml,-,7591,0,3000000,Equity Shares,3007591,0.11,15-Oct-2024,15-Oct-2024,17-Oct-2024,ESOP,-,NA,-
SHRENIK,Shrenik Limited,7(2),Shrenik Sudhir Vimawala,17-Oct-2024 18:31,1172573,,0,0,0,0,Equity Shares,3915071,523065,Sell,-,https://nsearchives.nseindia.com/corporate/xbrl/IT_1172573_1275747_17102024063100_WEB.xml,Promoters,179020404,29.25,3114942,Equity Shares,175105333,28.61,11-Oct-2024,17-Oct-2024,17-Oct-2024,Market Sale,-,NSE,-
KIRIINDUS,Kiri Industries Limited,7(2),Manishkumar P Kiri,16-Oct-2024 18:50,1172556,,0,0,0,0,Warrants,3633789,523030,Buy,-,https://nsearchives.nseindia.com/corporate/xbrl/IT_1172556_1273273_16102024065019_WEB.xml,Promoters,Nil,0,683152332,Warrants,3633789,0,15-Oct-2024,15-Oct-2024,16-Oct-2024,Preferential Offer,-,NA,-
KIRIINDUS,Kiri Industries Limited,7(2),Hemil Manishkumar Kiri,16-Oct-2024 18:50,1172556,,0,0,0,0,Warrants,3200000,523033,Buy,-,https://nsearchives.nseindia.com/corporate/xbrl/IT_1172556_1273273_16102024065019_WEB.xml,Promoter Group,Nil,0,601600000,Warrants,3200000,0,15-Oct-2024,15-Oct-2024,16-Oct-2024,Preferential Offer,-,NA,-
KIRIINDUS,Kiri Industries Limited,7(2),Arunaben Pravinbhai Kiri,16-Oct-2024 18:50,1172556,,0,0,0,0,Warrants,2700000,523032,Buy,-,https://nsearchives.nseindia.com/corporate/xbrl/IT_1172556_1273273_16102024065019_WEB.xml,Promoter Group,Nil,0,507600000,Warrants,2700000,0,15-Oct-2024,15-Oct-2024,16-Oct-2024,Preferential Offer,-,NA,-
KIRIINDUS,Kiri Industries Limited,7(2),Anupama Manishkumar Kiri,16-Oct-2024 18:50,1172556,,0,0,0,0,Warrants,3800000,523031,Buy,-,https://nsearchives.nseindia.com/corporate/xbrl/IT_1172556_1273273_16102024065019_WEB.xml,Promoter Group,Nil,0,714400000,Warrants,3800000,0,15-Oct-2024,15-Oct-2024,16-Oct-2024,Preferential Offer,-,NA,-
RAMCOIND,Ramco Industries Limited,7(2),SHRI P.R.VENKETRAMA RAJA,15-Oct-2024 13:18,1172526,,0,0,0,0,Equity Shares,3077276,522983,Buy,-,https://nsearchives.nseindia.com/corporate/xbrl/IT_1172526_1269768_15102024011836_WEB.xml,Promoters,6220655,7.17,712800000,Equity Shares,9297931,10.71,14-Oct-2024,14-Oct-2024,15-Oct-2024,Gift,-,NA,-
RAMCOIND,Ramco Industries Limited,7(2),R SUDARSANAM,15-Oct-2024 13:18,1172526,,0,0,0,0,Equity Shares,3077276,522984,Sell,-,https://nsearchives.nseindia.com/corporate/xbrl/IT_1172526_1269768_15102024011836_WEB.xml,Promoter Group,3077276,3.54,712800000,Equity Shares,Nil,0,14-Oct-2024,14-Oct-2024,15-Oct-2024,Gift,-,NA,-
NAVKARCORP,Navkar Corporation Limited,7(2),Sidhhartha Corporation Private Limited,14-Oct-2024 23:03,1172516,,0,0,0,0,Equity Shares,9248347,522970,Sell,-,https://nsearchives.nseindia.com/corporate/xbrl/IT_1172516_1269215_14102024110306_WEB.xml,Promoter Group,9248347,6.14,884234457,Equity Shares,Nil,-,11-Oct-2024,11-Oct-2024,14-Oct-2024,Off Market,-,NA,-
NAVKARCORP,Navkar Corporation Limited,7(2),Nemichand  Mehta Family Trust,14-Oct-2024 23:03,1172516,,0,0,0,0,Equity Shares,18364000,522969,Sell,-,https://nsearchives.nseindia.com/corporate/xbrl/IT_1172516_1269215_14102024110306_WEB.xml,Promoter Group,18364000,12.2,1755782040,Equity Shares,Nil,-,11-Oct-2024,11-Oct-2024,14-Oct-2024,Off Market,-,NA,-
NAVKARCORP,Navkar Corporation Limited,7(2),Shailaja  Mehta Family Trust,14-Oct-2024 23:03,1172516,,0,0,0,0,Equity Shares,28899000,522968,Sell,-,https://nsearchives.nseindia.com/corporate/xbrl/IT_1172516_1269215_14102024110306_WEB.xml,Promoter Group,28899000,19.2,2763033390,Equity Shares,Nil,-,11-Oct-2024,11-Oct-2024,14-Oct-2024,Off Market,-,NA,-
NAVKARCORP,Navkar Corporation Limited,7(2),Shantilal J Mehta,14-Oct-2024 23:03,1172516,,0,0,0,0,Equity Shares,45949253,522961,Sell,-,https://nsearchives.nseindia.com/corporate/xbrl/IT_1172516_1269215_14102024110306_WEB.xml,Promoters,45949253,30.53,4393208079,Equity Shares,Nil,-,11-Oct-2024,11-Oct-2024,14-Oct-2024,Off Market,-,NA,-
SADBHAV,Sadbhav Engineering Limited,7(2),SHASHIN V PATEL,11-Oct-2024 17:56,1172500,,0,0,0,0,Equity Shares,4989742,522938,Buy,-,https://nsearchives.nseindia.com/corporate/xbrl/IT_1172500_1266726_11102024055646_WEB.xml,Promoter Group,2388866,1.39,182424967,Equity Shares,7378608,4.3,10-Oct-2024,10-Oct-2024,11-Oct-2024,Others,-,NA,-
MKPL,M K Proteins Limited,7(2),PARMOD KUMAR HUF,08-Oct-2024 12:19,1172454,,0,0,0,0,Equity Shares,20880000,522880,Sell,-,https://nsearchives.nseindia.com/corporate/xbrl/IT_1172454_1261209_08102024121926_WEB.xml,Promoters,20880000,5.56,0,Equity Shares,Nil,0,04-Oct-2024,04-Oct-2024,07-Oct-2024,Off Market,-,NA,-
MKPL,M K Proteins Limited,7(2),PARMOD KUMAR,08-Oct-2024 12:19,1172454,,0,0,0,0,Equity Shares,7500000,522879,Buy,-,https://nsearchives.nseindia.com/corporate/xbrl/IT_1172454_1261209_08102024121926_WEB.xml,Key Managerial Personnel,Nil,0,0,Equity Shares,7500000,2,04-Oct-2024,04-Oct-2024,07-Oct-2024,Off Market,-,NA,-
MKPL,M K Proteins Limited,7(2),MANIK GARG,08-Oct-2024 12:19,1172454,,0,0,0,0,Equity Shares,9570000,522878,Buy,-,https://nsearchives.nseindia.com/corporate/xbrl/IT_1172454_1261209_08102024121926_WEB.xml,Promoter Group,5040000,1.34,0,Equity Shares,14610000,3.89,04-Oct-2024,04-Oct-2024,07-Oct-2024,Off Market,-,NA,-
MKPL,M K Proteins Limited,7(2),PARMOD KUMAR HUF,08-Oct-2024 12:19,1172454,,0,0,0,0,Equity Shares,20880000,522876,Sell,-,https://nsearchives.nseindia.com/corporate/xbrl/IT_1172454_1261209_08102024121926_WEB.xml,Promoters,20880000,5.56,0,Equity Shares,Nil,0,04-Oct-2024,04-Oct-2024,07-Oct-2024,Off Market,-,NA,-
MKPL,M K Proteins Limited,7(2),NEELESH GARG,08-Oct-2024 12:19,1172454,,0,0,0,0,Equity Shares,3810000,522877,Buy,-,https://nsearchives.nseindia.com/corporate/xbrl/IT_1172454_1261209_08102024121926_WEB.xml,Promoter Group,10800000,2.88,0,Equity Shares,14610000,3.89,04-Oct-2024,04-Oct-2024,07-Oct-2024,Off Market,-,NA,-
TRITURBINE,Triveni Turbine Limited,7(2),DHRUV MANMOHAN SAWHNEY,03-Oct-2024 18:52,1172340,,0,0,0,0,Equity Shares,3178000,522266,Buy,-,https://nsearchives.nseindia.com/corporate/xbrl/IT_1172340_1258582_03102024065217_WEB.xml,Promoters,22955029,7.22,0,Equity Shares,26133029,8.22,30-Sep-2024,30-Sep-2024,03-Oct-2024,Off Market,-,NA,-
TRITURBINE,Triveni Turbine Limited,7(2),RATI SAWHNEY,03-Oct-2024 18:52,1172340,,0,0,0,0,Equity Shares,3178000,522267,Sell,-,https://nsearchives.nseindia.com/corporate/xbrl/IT_1172340_1258582_03102024065217_WEB.xml,Promoters,36064546,11.35,0,Equity Shares,32886546,10.35,30-Sep-2024,30-Sep-2024,03-Oct-2024,Off Market,-,NA,-
SBCL,Shivalik Bimetal Controls Limited,7(2),Ultra Portfolio Management Private Limited,01-Oct-2024 21:22,1172267,,0,0,0,0,Equity Shares,2866270,522035,Sell,-,https://nsearchives.nseindia.com/corporate/xbrl/IT_1172267_1257552_01102024092205_WEB.xml,Promoters,2866270,4.98,1750144462,Equity Shares,Nil,0,27-Sep-2024,27-Sep-2024,01-Oct-2024,Market Sale,-,NSE,-
SBCL,Shivalik Bimetal Controls Limited,7(2),Angad Estates Private Limited,01-Oct-2024 21:22,1172267,,0,0,0,0,Equity Shares,4965000,522034,Sell,-,https://nsearchives.nseindia.com/corporate/xbrl/IT_1172267_1257552_01102024092205_WEB.xml,Promoters,4965000,8.62,3031629000,Equity Shares,Nil,0,27-Sep-2024,27-Sep-2024,01-Oct-2024,Market Sale,-,NSE,-
ASLIND,ASL Industries Limited,7(3),SKYBRIDGE INCAP ADVISORY LLP,01-Oct-2024 18:42,1172246,,0,0,0,0,Equity Shares,4773090,521986,Buy,-,https://nsearchives.nseindia.com/corporate/xbrl/IT_1172246_1257186_01102024064212_WEB.xml,-,2136000,20.5,160925060,Equity Shares,6909090,66.32,27-Sep-2024,27-Sep-2024,01-Oct-2024,Off Market,-,NSE,-
RAJMET,Rajnandini Metal Limited,7(2),Het Ram,01-Oct-2024 17:41,1172212,,0,0,0,0,Equity Shares,40000000,521929,Sell,-,https://nsearchives.nseindia.com/corporate/xbrl/IT_1172212_1256942_01102024054120_WEB.xml,Promoters,127380315,46.07,410000000,Equity Shares,87380315,31.6,30-Sep-2024,30-Sep-2024,01-Oct-2024,Off Market,-,NSE,-
VIPULLTD,Vipul Limited,7(2),MRS. SUNITA BERIWALA JT. MR. PUNIT BERIWALA,01-Oct-2024 16:04,1172183,,0,0,0,0,Equity Shares,12915971,521886,Sell,-,https://nsearchives.nseindia.com/corporate/xbrl/IT_1172183_1256675_01102024040413_WEB.xml,Promoters,13300000,9.44,12915971,Equity Shares,384029,0.27,30-Sep-2024,30-Sep-2024,01-Oct-2024,Market Sale,-,NSE,-
RAJMET,Rajnandini Metal Limited,7(2),Het Ram,01-Oct-2024 11:09,1172118,,0,0,0,0,Equity Shares,5800000,521782,Sell,-,https://nsearchives.nseindia.com/corporate/xbrl/IT_1172118_1256107_01102024110956_WEB.xml,Promoters,133180315,48.17,58381060,Equity Shares,127380315,46.07,30-Sep-2024,30-Sep-2024,01-Oct-2024,Market Sale,-,NSE,-
TATAMOTORS,Tata Motors Limited,7(2),Tata Sons Private Limited,30-Sep-2024 20:10,1172097,,0,0,0,0,Equity Shares,26149740,521731,Buy,-,https://nsearchives.nseindia.com/corporate/xbrl/IT_1172097_1255770_30092024081021_WEB.xml,Promoter Group,1452113801,43.03,29061513549,Equity Shares,1478263541,40.16,25-Sep-2024,25-Sep-2024,27-Sep-2024,Scheme of Amalgamation/Merger/Demerger/Arrangement,-,NA,-
TATAMOTORS,Tata Motors Limited,7(2),Tata Sons Private Limited,30-Sep-2024 20:10,1172097,,0,0,0,0,Equity Shares,38511281,521730,Sell,-,https://nsearchives.nseindia.com/corporate/xbrl/IT_1172097_1255770_30092024081021_WEB.xml,Promoters,38511281,0.11,0,Equity Shares,Nil,0,25-Sep-2024,25-Sep-2024,27-Sep-2024,Scheme of Amalgamation/Merger/Demerger/Arrangement,-,NA,-
NDL,Nandan Denim Limited,7(2),BRIJMOHAN CHIRIPAL,30-Sep-2024 18:22,1172056,,0,0,0,0,Equity Shares,19740000,521626,Sell,-,https://nsearchives.nseindia.com/corporate/xbrl/IT_1172056_1255296_30092024062221_WEB.xml,Promoters,68215000,4.73,135302308,Equity Shares,48475000,3.36,26-Sep-2024,27-Sep-2024,28-Sep-2024,Market Sale,-,NSE,-
NDL,Nandan Denim Limited,7(2),VEDPRAKASH CHIRIPAL,30-Sep-2024 18:22,1172056,,0,0,0,0,Equity Shares,3156048,521624,Sell,-,https://nsearchives.nseindia.com/corporate/xbrl/IT_1172056_1255296_30092024062221_WEB.xml,Promoter Group,8488668,0.59,20924598,Equity Shares,5332620,0.37,27-Sep-2024,27-Sep-2024,30-Sep-2024,Market Sale,-,NSE,-
SWSOLAR,Sterling and Wilson Renewable Energy Limited,7(2),Shapoorji Pallonji And Company Private Limited,30-Sep-2024 17:35,1172041,,0,0,0,0,Equity Shares,13500000,521592,Sell,-,https://nsearchives.nseindia.com/corporate/xbrl/IT_1172041_1255069_30092024053512_WEB.xml,Promoters,29701291,12.73,8414325900,Equity Shares,16201291,6.94,27-Sep-2024,27-Sep-2024,30-Sep-2024,Market Sale,-,NSE,-
SWSOLAR,Sterling and Wilson Renewable Energy Limited,7(2),Khurshed Yazdi Daruvala,30-Sep-2024 17:35,1172041,,0,0,0,0,Equity Shares,3150000,521591,Sell,-,https://nsearchives.nseindia.com/corporate/xbrl/IT_1172041_1255069_30092024053512_WEB.xml,Promoters,3443662,1.48,1984545045,Equity Shares,293662,0.13,27-Sep-2024,27-Sep-2024,28-Sep-2024,Market Sale,-,NSE,-
PARACABLES,Paramount Communications Limited,7(2),Hertz Electricals (International) Private Limited,28-Sep-2024 17:31,1171965,,0,0,0,0,Equity Shares,12784712,521468,Buy,-,https://nsearchives.nseindia.com/corporate/xbrl/IT_1171965_1253607_28092024053134_WEB.xml,Promoter Group,33708590,11.05,0,Equity Shares,46493302,15.25,28-Sep-2024,28-Sep-2024,28-Sep-2024,Scheme of Amalgamation/Merger/Demerger/Arrangement,-,NA,-
ASKAUTOLTD,ASK Automotive Limited,7(2),Kuldip Singh Rathee,28-Sep-2024 16:30,1171960,,0,0,0,0,Equity Shares,10734414,521461,Sell,-,https://nsearchives.nseindia.com/corporate/xbrl/IT_1171960_1253475_28092024043056_WEB.xml,Promoters,79316439,40.23,4845969652,Equity Shares,68582025,34.79,26-Sep-2024,26-Sep-2024,28-Sep-2024,Others,-,"BSE,NSE",-
KALYANKJIL,Kalyan Jewellers India Limited,7(2),TS Kalyanaraman,27-Sep-2024 21:24,1171935,,0,0,0,0,Equity Shares,13397974,521406,Buy,-,https://nsearchives.nseindia.com/corporate/xbrl/IT_1171935_1252995_27092024092406_WEB.xml,Promoters,216453564,21,9592949384,Equity Shares,229851538,22.3,26-Sep-2024,26-Sep-2024,27-Sep-2024,Gift,-,MSEI,-
KRITIKA,Kritika Wires Limited,7(2),GUNNAYAK COMMERCIAL PRIVATE LIMITED,27-Sep-2024 18:23,1171891,,0,0,0,0,Equity Shares,7500000,521341,Sell,-,https://nsearchives.nseindia.com/corporate/xbrl/IT_1171891_1252431_27092024062308_WEB.xml,Promoter Group,51050000,19.17,166275000,Equity Shares,43550000,16.35,24-Sep-2024,24-Sep-2024,26-Sep-2024,Market Sale,-,NSE,-
KALYANKJIL,Kalyan Jewellers India Limited,7(2),TS Kalyanaraman,27-Sep-2024 18:05,1171889,,0,0,0,0,Equity Shares,13397974,521335,Sell,-,https://nsearchives.nseindia.com/corporate/xbrl/IT_1171889_1252357_27092024060543_WEB.xml,Promoters,216453564,21,9592949384,Equity Shares,229851538,22.3,26-Sep-2024,26-Sep-2024,27-Sep-2024,Gift,-,NA,-
KALYANKJIL,Kalyan Jewellers India Limited,7(2),TK Radhika,27-Sep-2024 18:05,1171889,,0,0,0,0,Equity Shares,13397974,521334,Sell,-,https://nsearchives.nseindia.com/corporate/xbrl/IT_1171889_1252357_27092024060543_WEB.xml,Promoter Group,20772038,2.02,9592949384,Equity Shares,7374064,0.72,26-Sep-2024,26-Sep-2024,27-Sep-2024,Gift,-,NA,-
KALYANKJIL,Kalyan Jewellers India Limited,7(2),KJG Consultig Private Limited,27-Sep-2024 18:05,1171889,,0,0,0,0,Equity Shares,24299066,521333,Buy,-,https://nsearchives.nseindia.com/corporate/xbrl/IT_1171889_1252357_27092024060543_WEB.xml,Promoter Group,Nil,0,13000000000,Equity Shares,24299066,2.36,26-Sep-2024,26-Sep-2024,27-Sep-2024,Off Market,-,NA,-
BCLIND,Bcl Industries Limited,7(2),Rajinder Mittal,27-Sep-2024 17:49,1171883,,0,0,0,0,Equity Shares,2500002,521323,Sell,-,https://nsearchives.nseindia.com/corporate/xbrl/IT_1171883_1252287_27092024054907_WEB.xml,Promoters,46680400,15.82,147176338,Equity Shares,44180398,14.97,20-Sep-2024,26-Sep-2024,27-Sep-2024,Market Sale,-,NSE,-
HLVLTD,HLV LIMITED,7(2),Rockfort Estate Developers Private Limited,27-Sep-2024 16:18,1171856,,0,0,0,0,Equity Shares,8600000,521270,Sell,-,https://nsearchives.nseindia.com/corporate/xbrl/IT_1171856_1251888_27092024041810_WEB.xml,Promoter Group,44615308,6.77,153080000,Equity Shares,36015308,5.46,25-Sep-2024,25-Sep-2024,26-Sep-2024,Off Market,-,NA,-
MOS,Mos Utility Limited,7(2),Kurjibhai Premjibhai Rupareliya,27-Sep-2024 15:20,1171851,,0,0,0,0,Equity Shares,2892800,521262,Sell,-,https://nsearchives.nseindia.com/corporate/xbrl/IT_1171851_1251739_27092024032026_WEB.xml,Promoters,10638630,42.66,1070364928,Equity Shares,7745830,31.06,26-Sep-2024,26-Sep-2024,27-Sep-2024,Market Sale,-,NSE,-
NDL,Nandan Denim Limited,7(2),CHIRIPAL EXIM LLP,27-Sep-2024 12:18,1171833,,0,0,0,0,Equity Shares,11883868,521242,Sell,-,https://nsearchives.nseindia.com/corporate/xbrl/IT_1171833_1251412_27092024121811_WEB.xml,Promoter Group,146489264,10.16,84700148,Equity Shares,134605396,9.34,25-Sep-2024,26-Sep-2024,26-Sep-2024,Market Sale,-,NSE,-
NDL,Nandan Denim Limited,7(2),VEDPRAKASH CHIRIPAL,27-Sep-2024 12:18,1171833,,0,0,0,0,Equity Shares,5000000,521241,Sell,-,https://nsearchives.nseindia.com/corporate/xbrl/IT_1171833_1251412_27092024121811_WEB.xml,Promoter Group,13488668,0.94,35200967,Equity Shares,8488668,0.59,25-Sep-2024,25-Sep-2024,26-Sep-2024,Market Sale,-,NSE,-
VIPULLTD,Vipul Limited,7(2),PUNIT BERIWALA,26-Sep-2024 17:43,1171780,,0,0,0,0,Equity Shares,4401831,520902,Sell,-,https://nsearchives.nseindia.com/corporate/xbrl/IT_1171780_1250679_26092024054306_WEB.xml,Promoters,4401831,3.12,4401831,Equity Shares,Nil,0,24-Sep-2024,24-Sep-2024,25-Sep-2024,Market Sale,-,NSE,-
NDL,Nandan Denim Limited,7(2),CHIRIPAL EXIM LLP,25-Sep-2024 18:43,1171692,,0,0,0,0,Equity Shares,2524236,520736,Sell,-,https://nsearchives.nseindia.com/corporate/xbrl/IT_1171692_1249470_25092024064356_WEB.xml,Promoter Group,149013500,10.34,17437823,Equity Shares,146489264,10.16,23-Sep-2024,24-Sep-2024,25-Sep-2024,Market Sale,-,NSE,-
NDL,Nandan Denim Limited,7(2),VEDPRAKASH CHIRIPAL,25-Sep-2024 18:43,1171692,,0,0,0,0,Equity Shares,6843952,520735,Sell,-,https://nsearchives.nseindia.com/corporate/xbrl/IT_1171692_1249470_25092024064356_WEB.xml,Promoter Group,20332620,1.41,46488874,Equity Shares,13488668,0.94,23-Sep-2024,23-Sep-2024,24-Sep-2024,Market Sale,-,NSE,-
MANINFRA,Man Infraconstruction Limited,7(2),Manan P. Shah,25-Sep-2024 17:23,1171662,,0,0,0,0,Equity Shares,13900000,520645,Buy,-,https://nsearchives.nseindia.com/corporate/xbrl/IT_1171662_1249252_25092024052300_WEB.xml,Promoter Group,21377245,5.74,0,Equity Shares,35277245,9.48,24-Sep-2024,24-Sep-2024,25-Sep-2024,Gift,-,NA,-
MANINFRA,Man Infraconstruction Limited,7(2),Parag K. Shah,25-Sep-2024 17:23,1171662,,0,0,0,0,Equity Shares,13900000,520644,Sell,-,https://nsearchives.nseindia.com/corporate/xbrl/IT_1171662_1249252_25092024052300_WEB.xml,Promoters,131235006,35.26,0,Equity Shares,117335006,31.53,24-Sep-2024,24-Sep-2024,25-Sep-2024,Gift,-,NA,-
MANINFRA,Man Infraconstruction Limited,7(2),Parag K. Shah HUF,25-Sep-2024 17:23,1171662,,0,0,0,0,Equity Shares,12333176,520642,Sell,-,https://nsearchives.nseindia.com/corporate/xbrl/IT_1171662_1249252_25092024052300_WEB.xml,Promoter Group,12333176,3.32,0,Equity Shares,Nil,0,25-Sep-2024,25-Sep-2024,25-Sep-2024,Inter-se-Transfer,-,NA,-
MANINFRA,Man Infraconstruction Limited,7(2),Vatsal P. Shah,25-Sep-2024 17:23,1171662,,0,0,0,0,Equity Shares,12333176,520643,Buy,-,https://nsearchives.nseindia.com/corporate/xbrl/IT_1171662_1249252_25092024052300_WEB.xml,Promoter Group,23200333,6.23,0,Equity Shares,35533509,9.55,25-Sep-2024,25-Sep-2024,25-Sep-2024,Inter-se-Transfer,-,NA,-
SMCGLOBAL,Smc Global Securities Limited,7(2),Mrs. Ginni Devi,25-Sep-2024 16:31,1171647,,0,0,0,0,Equity Shares,3184000,520601,Sell,-,https://nsearchives.nseindia.com/corporate/xbrl/IT_1171647_1249116_25092024043143_WEB.xml,Promoter Group,3184000,3.04,519660640,Equity Shares,Nil,0,01-Jul-2024,24-Sep-2024,25-Sep-2024,Gift,-,NA,-
ROSSELLIND,Rossell India Limited,7(2),HARSH MOHAN GUPTA & SON HUF,25-Sep-2024 16:08,1171641,,0,0,0,0,Equity Shares,2875180,520588,Buy,-,https://nsearchives.nseindia.com/corporate/xbrl/IT_1171641_1249057_25092024040850_WEB.xml,Promoters,Nil,0,5750360,Equity Shares,2875180,7.63,21-Sep-2024,21-Sep-2024,24-Sep-2024,Scheme of Amalgamation/Merger/Demerger/Arrangement,-,NA,-
ROSSELLIND,Rossell India Limited,7(2),VINITA GUPTA,25-Sep-2024 16:08,1171641,,0,0,0,0,Equity Shares,2946965,520586,Buy,-,https://nsearchives.nseindia.com/corporate/xbrl/IT_1171641_1249057_25092024040850_WEB.xml,Promoters,693670,1.84,5893930,Equity Shares,3640635,9.66,21-Sep-2024,21-Sep-2024,24-Sep-2024,Scheme of Amalgamation/Merger/Demerger/Arrangement,-,NA,-
ROSSELLIND,Rossell India Limited,7(2),RISHAB MOHAN GUPTA,25-Sep-2024 16:08,1171641,,0,0,0,0,Equity Shares,5893395,520585,Buy,-,https://nsearchives.nseindia.com/corporate/xbrl/IT_1171641_1249057_25092024040850_WEB.xml,Promoters,769203,2.04,11786790,Equity Shares,6662598,17.67,21-Sep-2024,21-Sep-2024,24-Sep-2024,Scheme of Amalgamation/Merger/Demerger/Arrangement,-,NA,-
ROSSELLIND,Rossell India Limited,7(2),HARSH MOHAN  GUPTA,25-Sep-2024 16:08,1171641,,0,0,0,0,Equity Shares,13010362,520584,Buy,-,https://nsearchives.nseindia.com/corporate/xbrl/IT_1171641_1249057_25092024040850_WEB.xml,Promoters,1877751,4.98,26020724,Equity Shares,14888113,39.49,21-Sep-2024,21-Sep-2024,24-Sep-2024,Scheme of Amalgamation/Merger/Demerger/Arrangement,-,NA,-
KRITIKA,Kritika Wires Limited,7(2),Panchshul Merchants Private Limited,25-Sep-2024 15:23,1171638,,0,0,0,0,Equity Shares,2550000,520571,Sell,-,https://nsearchives.nseindia.com/corporate/xbrl/IT_1171638_1248958_25092024032321_WEB.xml,Promoter Group,25499990,9.58,51511703,Equity Shares,22949990,8.62,20-Sep-2024,20-Sep-2024,23-Sep-2024,Market Sale,-,NSE,-
PIIND,PI Industries Limited,7(2),BETA FAMILY TRUST,25-Sep-2024 14:38,1171628,,0,0,0,0,Equity Shares,6150000,520544,Buy,-,https://nsearchives.nseindia.com/corporate/xbrl/IT_1171628_1248899_25092024023832_WEB.xml,Promoter Group,Nil,0,6150000,Equity Shares,6150000,4.05,23-Sep-2024,23-Sep-2024,24-Sep-2024,Gift,-,NA,-
PIIND,PI Industries Limited,7(2),DOMANE FAMILY TRUST,25-Sep-2024 14:38,1171628,,0,0,0,0,Equity Shares,6150182,520542,Buy,-,https://nsearchives.nseindia.com/corporate/xbrl/IT_1171628_1248899_25092024023832_WEB.xml,Promoter Group,Nil,0,6150182,Equity Shares,6150182,4.05,23-Sep-2024,23-Sep-2024,24-Sep-2024,Gift,-,NA,-
PIIND,PI Industries Limited,7(2),Salil Singhal,25-Sep-2024 14:38,1171628,,0,0,0,0,Equity Shares,12300364,520540,Sell,-,https://nsearchives.nseindia.com/corporate/xbrl/IT_1171628_1248899_25092024023832_WEB.xml,Promoters,12300364,8.11,12300364,Equity Shares,Nil,0,23-Sep-2024,23-Sep-2024,24-Sep-2024,Gift,-,NA,-
PIIND,PI Industries Limited,7(2),RCANE FAMILY TRUST,25-Sep-2024 14:38,1171628,,0,0,0,0,Equity Shares,6150182,520541,Buy,-,https://nsearchives.nseindia.com/corporate/xbrl/IT_1171628_1248899_25092024023832_WEB.xml,Promoter Group,Nil,0,6150182,Equity Shares,6150182,4.05,23-Sep-2024,23-Sep-2024,24-Sep-2024,Gift,-,NA,-
PIIND,PI Industries Limited,7(2),ALPHA FAMILY TRUST,25-Sep-2024 14:38,1171628,,0,0,0,0,Equity Shares,6150000,520543,Buy,-,https://nsearchives.nseindia.com/corporate/xbrl/IT_1171628_1248899_25092024023832_WEB.xml,Promoter Group,Nil,0,6150000,Equity Shares,6150000,4.05,23-Sep-2024,23-Sep-2024,24-Sep-2024,Gift,-,NA,-
PIIND,PI Industries Limited,7(2),Madhu Singhal,25-Sep-2024 14:38,1171628,,0,0,0,0,Equity Shares,12300000,520539,Sell,-,https://nsearchives.nseindia.com/corporate/xbrl/IT_1171628_1248899_25092024023832_WEB.xml,Promoters,26591600,17.53,12300000,Equity Shares,14291600,9.42,23-Sep-2024,23-Sep-2024,24-Sep-2024,Gift,-,NA,-
BCLIND,Bcl Industries Limited,7(2),Sunita Mittal,25-Sep-2024 10:46,1171608,,0,0,0,0,Equity Shares,2500001,520481,Sell,-,https://nsearchives.nseindia.com/corporate/xbrl/IT_1171608_1248656_25092024104620_WEB.xml,Promoters,51472970,17.44,162500065,Equity Shares,48972969,16.59,23-Sep-2024,23-Sep-2024,24-Sep-2024,Market Sale,-,NSE,-
AXITA,Axita Cotton Limited,7(2),Nitinbhai Govindbhai Patel,20-Sep-2024 19:22,1171371,,0,0,0,0,Equity Shares,21418790,519978,Sell,-,https://nsearchives.nseindia.com/corporate/xbrl/IT_1171371_1246624_20092024072200_WEB.xml,Promoters,90546572,34.71,471622306,Equity Shares,69127782,26.5,18-Sep-2024,19-Sep-2024,20-Sep-2024,Market Sale,-,"BSE,NSE",-
KRITIKA,Kritika Wires Limited,7(2),Panchshul Merchants Private Limited,20-Sep-2024 15:10,1171309,,0,0,0,0,Equity Shares,4500010,519859,Sell,-,https://nsearchives.nseindia.com/corporate/xbrl/IT_1171309_1246180_20092024031031_WEB.xml,Promoter Group,30000000,11.27,99000220,Equity Shares,25499990,9.58,18-Sep-2024,18-Sep-2024,19-Sep-2024,Market Sale,-,NSE,-
RBA,Restaurant Brands Asia Limited,7(2),QSR ASIA PTE. LTD,19-Sep-2024 18:39,1171271,,0,0,0,0,Equity Shares,10746200,519776,Sell,-,https://nsearchives.nseindia.com/corporate/xbrl/IT_1171271_1245885_19092024063914_WEB.xml,Promoters,76369290,15.33,1128351000,Equity Shares,65623090,13.17,18-Sep-2024,18-Sep-2024,19-Sep-2024,Others,-,NSE,-
LLOYDSME,Lloyds Metals And Energy Limited,7(2),Lloyds Metals and Energy Limited,19-Sep-2024 17:54,1171253,,0,0,0,0,Warrants,7500002,519747,Buy,-,https://nsearchives.nseindia.com/corporate/xbrl/IT_1171253_1245807_19092024055411_WEB.xml,Promoters,Nil,0,1942500518,Warrants,7500002,0,18-Sep-2024,18-Sep-2024,19-Sep-2024,Preferential Offer,-,NA,-
LLOYDSME,Lloyds Metals And Energy Limited,7(2),Sky United LLP,19-Sep-2024 17:54,1171253,,0,0,0,0,Warrants,7499998,519748,Buy,-,https://nsearchives.nseindia.com/corporate/xbrl/IT_1171253_1245807_19092024055411_WEB.xml,Promoters,Nil,0,1942499482,Warrants,7499998,0,18-Sep-2024,18-Sep-2024,19-Sep-2024,Preferential Offer,-,NA,-
VLEGOV,VL E Governance & IT Solutions Limited,7(2),NJD Capital Private Limited,18-Sep-2024 19:19,1171173,,0,0,0,0,Equity Shares,4015786,519602,Sell,-,https://nsearchives.nseindia.com/corporate/xbrl/IT_1171173_1245323_18092024071954_WEB.xml,Promoter Group,5359968,5.06,544358872,Equity Shares,1344182,1.27,16-Sep-2024,18-Sep-2024,18-Sep-2024,Market Sale,-,NSE,-
GNA,GNA Axles Limited,7(2),RANBIR SINGH,18-Sep-2024 18:00,1171154,,0,0,0,0,Equity Shares,8281482,519561,Buy,-,https://nsearchives.nseindia.com/corporate/xbrl/IT_1171154_1245210_18092024060047_WEB.xml,Promoters,6413096,14.94,0,Equity Shares,14694578,34.23,12-Sep-2024,12-Sep-2024,16-Sep-2024,Off Market,-,NA,-
GNA,GNA Axles Limited,7(2),GURDEEP SINGH,18-Sep-2024 18:00,1171154,,0,0,0,0,Equity Shares,6275332,519560,Sell,-,https://nsearchives.nseindia.com/corporate/xbrl/IT_1171154_1245210_18092024060047_WEB.xml,Promoters,6275332,14.62,0,Equity Shares,Nil,0,12-Sep-2024,12-Sep-2024,16-Sep-2024,Off Market,-,NA,-
GNA,GNA Axles Limited,7(2),GURSARAN SINGH,18-Sep-2024 18:00,1171154,,0,0,0,0,Equity Shares,2655650,519559,Sell,-,https://nsearchives.nseindia.com/corporate/xbrl/IT_1171154_1245210_18092024060047_WEB.xml,Promoter Group,3730650,8.69,0,Equity Shares,1075000,2.5,12-Sep-2024,12-Sep-2024,16-Sep-2024,Off Market,-,NA,-
NESCO,Nesco Limited,7(2),Mr. Krishna Sumant Patel,18-Sep-2024 15:40,1171089,,0,0,0,0,Equity Shares,3546934,519455,Buy,-,https://nsearchives.nseindia.com/corporate/xbrl/IT_1171089_1244991_18092024034020_WEB.xml,Promoters,2125400,3.02,0,Equity Shares,5672334,8.05,17-Sep-2024,17-Sep-2024,18-Sep-2024,Off Market,-,NA,-
NESCO,Nesco Limited,7(2),Mrs. Sudhaben Sumant Patel,18-Sep-2024 15:40,1171089,,0,0,0,0,Equity Shares,4433667,519454,Sell,-,https://nsearchives.nseindia.com/corporate/xbrl/IT_1171089_1244991_18092024034020_WEB.xml,Promoters,13442055,19.07,0,Equity Shares,9008388,12.79,17-Sep-2024,17-Sep-2024,18-Sep-2024,Off Market,-,NA,-
SGL,STL Global Limited,7(2),TARGET FASHIONS LIMITED,18-Sep-2024 12:20,1171062,,0,0,0,0,Equity Shares,5177879,519408,Sell,-,https://nsearchives.nseindia.com/corporate/xbrl/IT_1171062_1244885_18092024122032_WEB.xml,Promoter Group,5177879,19.18,69953145,Equity Shares,Nil,0,13-Sep-2024,13-Sep-2024,17-Sep-2024,Inter-se-Transfer,-,NA,-
SGL,STL Global Limited,7(2),SANGEETA AGGARWAL,18-Sep-2024 12:20,1171062,,0,0,0,0,Equity Shares,2726794,519407,Buy,-,https://nsearchives.nseindia.com/corporate/xbrl/IT_1171062_1244885_18092024122032_WEB.xml,Promoter Group,3273206,12.13,36838987,Equity Shares,6000000,22.23,13-Sep-2024,13-Sep-2024,17-Sep-2024,Inter-se-Transfer,-,NA,-
BAJAJHFL,Bajaj Housing Finance Limited,7(2),Bajaj Finance Limited,17-Sep-2024 18:57,1171039,,0,0,0,0,Equity Shares,428571428,519249,Sell,-,https://nsearchives.nseindia.com/corporate/xbrl/IT_1171039_1244720_17092024065750_WEB.xml,Promoters,7819575273,99.99,29999999960,Equity Shares,7391003845,88.75,13-Sep-2024,13-Sep-2024,16-Sep-2024,Others,-,NA,-
EDELWEISS,Edelweiss Financial Services Limited,7(2),Edelweiss Employees Welfare Trust,16-Sep-2024 18:44,1170913,,0,0,0,0,Equity Shares,2750000,518982,Sell,-,https://nsearchives.nseindia.com/corporate/xbrl/IT_1170913_1244101_16092024064423_WEB.xml,Employees/Designated Employees,22716270,2.41,341000000,Equity Shares,19966270,2.12,16-Sep-2024,16-Sep-2024,16-Sep-2024,Market Sale,-,NSE,-
PATANJALI,Patanjali Foods Limited,7(2),Patanjali Ayurved Limited,16-Sep-2024 15:19,1170859,,0,0,0,0,Equity Shares,9792880,518901,Sell,-,https://nsearchives.nseindia.com/corporate/xbrl/IT_1170859_1243808_16092024031935_WEB.xml,Promoter Group,117160360,32.37,18156814288,Equity Shares,107367480,29.66,13-Sep-2024,13-Sep-2024,16-Sep-2024,Others,-,NSE,-
EDELWEISS,Edelweiss Financial Services Limited,7(2),Edelweiss Employees Welfare Trust,13-Sep-2024 22:07,1170804,,0,0,0,0,Equity Shares,9879000,518736,Sell,-,https://nsearchives.nseindia.com/corporate/xbrl/IT_1170804_1243337_13092024100750_WEB.xml,Employees/Designated Employees,37595270,3.98,1224996000,Equity Shares,27716270,2.94,13-Sep-2024,13-Sep-2024,13-Sep-2024,Market Sale,-,NSE,-
EDELWEISS,Edelweiss Financial Services Limited,7(2),Edelweiss Employees Welfare Trust,13-Sep-2024 22:07,1170804,,0,0,0,0,Equity Shares,5000000,518737,Sell,-,https://nsearchives.nseindia.com/corporate/xbrl/IT_1170804_1243337_13092024100750_WEB.xml,Employees/Designated Employees,27716270,2.94,570613500,Equity Shares,22716270,2.41,13-Sep-2024,13-Sep-2024,13-Sep-2024,Market Sale,-,BSE,-
PRAXIS,Praxis Home Retail Limited,7(2),Future Hospitality Private Limited,11-Sep-2024 17:58,1170573,,0,0,0,0,Equity Shares,4513319,518260,Sell,-,https://nsearchives.nseindia.com/corporate/xbrl/IT_1170573_1241947_11092024055849_WEB.xml,Promoter Group,4513319,3.6,85346862,Equity Shares,Nil,0,10-Sep-2024,10-Sep-2024,10-Sep-2024,Market Sale,-,NSE,-
MANAKCOAT,Manaksia Coated Metals & Industries Limited,7(2),SUSHIL KUMAR AGRAWAL,11-Sep-2024 16:33,1170562,,0,0,0,0,Equity Shares,7543302,518225,Buy,-,https://nsearchives.nseindia.com/corporate/xbrl/IT_1170562_1241818_11092024043336_WEB.xml,Promoter Group,23280843,31.35,0,Equity Shares,7543302,10.16,09-Sep-2024,09-Sep-2024,10-Sep-2024,Gift,-,NA,-
MANAKCOAT,Manaksia Coated Metals & Industries Limited,7(2),MANJU AGRAWAL,11-Sep-2024 16:33,1170562,,0,0,0,0,Equity Shares,5263295,518227,Sell,-,https://nsearchives.nseindia.com/corporate/xbrl/IT_1170562_1241818_11092024043336_WEB.xml,Promoter Group,5263295,7.09,0,Equity Shares,5263295,7.09,09-Sep-2024,09-Sep-2024,10-Sep-2024,Gift,-,NA,-
NESCO,Nesco Limited,7(2),Mrs. Sudhaben Sumant Patel,11-Sep-2024 15:58,1170551,,0,0,0,0,Equity Shares,8867335,518146,Buy,-,https://nsearchives.nseindia.com/corporate/xbrl/IT_1170551_1241774_11092024035839_WEB.xml,Promoters,4574720,6.49,0,Equity Shares,13442055,19.07,10-Sep-2024,10-Sep-2024,11-Sep-2024,Others,-,NA,-
SHAH,Shah Metacorp Limited,7(2),Mona Viral Shah,10-Sep-2024 23:43,1170515,,0,0,0,0,Warrants,44500000,518108,Buy,-,https://nsearchives.nseindia.com/corporate/xbrl/IT_1170515_1241561_10092024114321_WEB.xml,Director,59206084,7.2,178890000,Warrants,103706084,7.2,02-Aug-2024,10-Sep-2024,10-Sep-2024,Others,-,MSEI,-
GICRE,General Insurance Corporation of India,7(2),The President of India acting through and represented by the Ministry of Finance Government of India,09-Sep-2024 23:13,1170431,,0,0,0,0,Equity Shares,59432385,517887,Sell,-,https://nsearchives.nseindia.com/corporate/xbrl/IT_1170431_1241026_09092024111340_WEB.xml,Promoters,1505000000,85.78,23482457902,Equity Shares,1445567615,82.4,04-Sep-2024,05-Sep-2024,09-Sep-2024,Market Sale,-,NSE,-
SAPPHIRE,Sapphire Foods India Limited,7(2),Sanjay Purohit,09-Sep-2024 18:41,1170413,,0,0,0,0,Equity Shares,2591112,517845,Buy,-,https://nsearchives.nseindia.com/corporate/xbrl/IT_1170413_1240931_09092024064143_WEB.xml,Director,647778,1.02,0,Equity Shares,3238890,1.02,05-Sep-2024,05-Sep-2024,09-Sep-2024,Others,-,NA,-
AXITA,Axita Cotton Limited,7(2),Kushal Nitinbhai Patel,09-Sep-2024 13:55,1170355,,0,0,0,0,Equity Shares,32978593,517747,Sell,-,https://nsearchives.nseindia.com/corporate/xbrl/IT_1170355_1240611_09092024015512_WEB.xml,Promoters,60162965,23.06,752640967,Equity Shares,27184372,10.42,04-Sep-2024,06-Sep-2024,06-Sep-2024,Market Sale,-,"BSE,NSE",-
HMAAGRO,Hma Agro Industries Limited,7(2),MOHAMMAD ASHRAF QURESHI,07-Sep-2024 17:56,1170333,,0,0,0,0,Equity Shares,27150471,517704,Buy,-,https://nsearchives.nseindia.com/corporate/xbrl/IT_1170333_1240350_07092024055645_WEB.xml,Promoters,67644530,13.51,0,Equity Shares,94795001,18.93,06-Sep-2024,06-Sep-2024,07-Sep-2024,Gift,-,NA,-
HMAAGRO,Hma Agro Industries Limited,7(2),MOHAMMAD MEHMOOD QURESHI,07-Sep-2024 17:56,1170333,,0,0,0,0,Equity Shares,27150471,517705,Buy,-,https://nsearchives.nseindia.com/corporate/xbrl/IT_1170333_1240350_07092024055645_WEB.xml,Promoters,67644530,13.51,0,Equity Shares,94795001,18.93,06-Sep-2024,06-Sep-2024,07-Sep-2024,Gift,-,NA,-
HMAAGRO,Hma Agro Industries Limited,7(2),ZULFIQAR AHMAD QURASHI,07-Sep-2024 17:56,1170333,,0,0,0,0,Equity Shares,27150471,517703,Buy,-,https://nsearchives.nseindia.com/corporate/xbrl/IT_1170333_1240350_07092024055645_WEB.xml,Promoters,67644530,13.51,0,Equity Shares,94795001,18.93,06-Sep-2024,06-Sep-2024,07-Sep-2024,Gift,-,NA,-
HMAAGRO,Hma Agro Industries Limited,7(2),WAJID AHMED,07-Sep-2024 17:56,1170333,,0,0,0,0,Equity Shares,81451413,517702,Sell,-,https://nsearchives.nseindia.com/corporate/xbrl/IT_1170333_1240350_07092024055645_WEB.xml,Promoters,131528390,26.26,0,Equity Shares,50076977,10,06-Sep-2024,06-Sep-2024,07-Sep-2024,Gift,-,NA,-
JUBLINDS,Jubilant Industries Limited,7(2),Hari Shanker Bhartia Family Trust,07-Sep-2024 16:38,1170329,,0,0,0,0,Equity Shares,5318439,517693,Buy,-,https://nsearchives.nseindia.com/corporate/xbrl/IT_1170329_1240313_07092024043842_WEB.xml,Promoter Group,Nil,0,53184390,Equity Shares,5318439,35.3,05-Sep-2024,05-Sep-2024,06-Sep-2024,Scheme of Amalgamation/Merger/Demerger/Arrangement,-,NA,-
JUBLINDS,Jubilant Industries Limited,7(2),Shyam Sunder Bhartia Family Trust,07-Sep-2024 16:38,1170329,,0,0,0,0,Equity Shares,5233903,517692,Buy,-,https://nsearchives.nseindia.com/corporate/xbrl/IT_1170329_1240313_07092024043842_WEB.xml,Promoter Group,Nil,0,52339030,Equity Shares,5233903,34.74,05-Sep-2024,05-Sep-2024,06-Sep-2024,Scheme of Amalgamation/Merger/Demerger/Arrangement,-,NA,-
MFSL,Max Financial Services Limited,7(2),MAX VENTURES INVESTMENT HOLDINGS PRIVATE LIMITED,06-Sep-2024 12:28,1170189,,0,0,0,0,Equity Shares,11000000,517441,Sell,-,https://nsearchives.nseindia.com/corporate/xbrl/IT_1170189_1239339_06092024122822_WEB.xml,Promoters,22095923,6.4,12181018300,Equity Shares,11095923,3.22,05-Sep-2024,05-Sep-2024,05-Sep-2024,Market Sale,-,NSE,-
CENTEXT,Century Extrusions Limited,7(2),Paramsukh Properties Private Limited,06-Sep-2024 12:26,1170187,,0,0,0,0,Equity Shares,7070125,517438,Buy,-,https://nsearchives.nseindia.com/corporate/xbrl/IT_1170187_1239331_06092024122609_WEB.xml,Promoters,4341201,5.43,0,Equity Shares,11411326,14.27,05-Sep-2024,05-Sep-2024,05-Sep-2024,Off Market,-,NA,-
PENINLAND,Peninsula Land Limited,7(2),Miranda Tools Private Limited,05-Sep-2024 20:20,1170161,,0,0,0,0,Equity Shares,15300000,517325,Buy,-,https://nsearchives.nseindia.com/corporate/xbrl/IT_1170161_1239125_05092024082036_WEB.xml,Promoter Group,14500000,4.7,214200000,Equity Shares,29800000,4.72,04-Sep-2024,04-Sep-2024,05-Sep-2024,Conversion of security,-,NA,-
TATACONSUM,TATA CONSUMER PRODUCTS LIMITED,7(2),Tata Sons Private Limited,02-Sep-2024 19:37,1169832,,0,0,0,0,Equity Shares,13297136,516584,Buy,-,https://nsearchives.nseindia.com/corporate/xbrl/IT_1169832_1236577_02092024073716_WEB.xml,Promoters,270557128,28.39,10877057248,Equity Shares,283854264,28.69,27-Aug-2024,27-Aug-2024,29-Aug-2024,Others,-,NA,-
ZEEMEDIA,Zee Media Corporation Limited,7(2),Anvivud Innovations LLP,02-Sep-2024 19:23,1169831,,0,0,0,0,Equity Shares,3100000,516578,Buy,-,https://nsearchives.nseindia.com/corporate/xbrl/IT_1169831_1236558_02092024072311_WEB.xml,Other,2197375,0,40297210,Equity Shares,5297375,0.01,27-Aug-2024,27-Aug-2024,29-Aug-2024,Market Purchase,-,NSE,-
MANAKALUCO,Manaksia Aluminium Company Limited,7(2),SHAILAJA AGRAWAL,02-Sep-2024 16:19,1169779,,0,0,0,0,Equity Shares,3914995,516452,Sell,-,https://nsearchives.nseindia.com/corporate/xbrl/IT_1169779_1236227_02092024041956_WEB.xml,Promoter Group,3914995,5.97,0,Equity Shares,Nil,0,30-Aug-2024,30-Aug-2024,02-Sep-2024,Gift,-,NA,-
MANAKALUCO,Manaksia Aluminium Company Limited,7(2),SUSHIL KUMAR AGRAWAL,02-Sep-2024 16:19,1169779,,0,0,0,0,Equity Shares,3683807,516451,Sell,-,https://nsearchives.nseindia.com/corporate/xbrl/IT_1169779_1236227_02092024041956_WEB.xml,Promoter Group,3683807,5.62,0,Equity Shares,Nil,0,30-Aug-2024,30-Aug-2024,02-Sep-2024,Gift,-,NA,-
MANAKALUCO,Manaksia Aluminium Company Limited,7(2),ANIRUDHA AGRAWAL,02-Sep-2024 16:19,1169779,,0,0,0,0,Equity Shares,7598802,516450,Buy,-,https://nsearchives.nseindia.com/corporate/xbrl/IT_1169779_1236227_02092024041956_WEB.xml,Promoter Group,9524690,14.53,0,Equity Shares,17123492,26.13,30-Aug-2024,30-Aug-2024,02-Sep-2024,Gift,-,NA,-
HLVLTD,HLV LIMITED,7(2),Rockfort Estate Developers Private Limited,02-Sep-2024 11:51,1169744,,0,0,0,0,Equity Shares,11900000,516377,Sell,-,https://nsearchives.nseindia.com/corporate/xbrl/IT_1169744_1236027_02092024115147_WEB.xml,Promoter Group,56515308,8.57,256445000,Equity Shares,44615308,6.77,30-Aug-2024,30-Aug-2024,31-Aug-2024,Off Market,-,NA,-
VIPULLTD,Vipul Limited,7(2),PUNIT BERIWALA,30-Aug-2024 16:11,1169638,,0,0,0,0,Equity Shares,4200000,516136,Sell,-,https://nsearchives.nseindia.com/corporate/xbrl/IT_1169638_1234902_30082024041125_WEB.xml,Promoters,25238866,17.91,4200000,Equity Shares,21038866,14.93,27-Aug-2024,27-Aug-2024,30-Aug-2024,Market Sale,-,NSE,-
VIPULLTD,Vipul Limited,7(2),PUNIT BERIWALA,30-Aug-2024 16:11,1169638,,0,0,0,0,Equity Shares,4600300,516137,Sell,-,https://nsearchives.nseindia.com/corporate/xbrl/IT_1169638_1234902_30082024041125_WEB.xml,Promoters,21038866,14.93,4600300,Equity Shares,16438566,11.66,27-Aug-2024,27-Aug-2024,30-Aug-2024,Market Sale,-,NSE,-
WELSPUNLIV,Welspun Living Limited,7(2),Aryabhat Vyapar Private Limited,30-Aug-2024 00:00,1169595,,0,0,0,0,Equity Shares,3918294,516058,Sell,-,https://nsearchives.nseindia.com/corporate/xbrl/IT_1169595_1234628_30082024120039_WEB.xml,Promoter Group,5362044,0.56,812523305,Equity Shares,1443750,0.15,29-Aug-2024,29-Aug-2024,29-Aug-2024,Others,-,NSE,-
WELSPUNLIV,Welspun Living Limited,7(2),"Balkrishan Goenka, Trustee of Welspun Group Master Trust",30-Aug-2024 00:00,1169595,,0,0,0,0,Equity Shares,38081706,516057,Sell,-,https://nsearchives.nseindia.com/corporate/xbrl/IT_1169595_1234628_30082024120039_WEB.xml,Promoters,668549965,69.7,7814746888,Equity Shares,630468259,65.73,29-Aug-2024,29-Aug-2024,29-Aug-2024,Others,-,NSE,-
TPHQ,Teamo Productions HQ Limited,7(2),Vrindaa Advanced Materials Limited,29-Aug-2024 18:35,1169569,,0,0,0,0,Equity Shares,12267334,515997,Sell,-,https://nsearchives.nseindia.com/corporate/xbrl/IT_1169569_1234409_29082024063553_WEB.xml,Promoters,245576486,24.17,19627734,Equity Shares,233309152,22.96,23-Aug-2024,23-Aug-2024,27-Aug-2024,Market Sale,-,NSE,-
TPHQ,Teamo Productions HQ Limited,7(2),Vrindaa Advanced Materials Limited,29-Aug-2024 18:35,1169569,,0,0,0,0,Equity Shares,4552068,515996,Sell,-,https://nsearchives.nseindia.com/corporate/xbrl/IT_1169569_1234409_29082024063553_WEB.xml,Promoters,250128554,24.61,7328829,Equity Shares,245576486,24.17,23-Aug-2024,23-Aug-2024,27-Aug-2024,Market Sale,-,BSE,-
KEEPLEARN,DSJ Keep Learning Limited,7(2),Pranav Padode,29-Aug-2024 13:02,1169513,,0,0,0,0,Equity Shares,3477170,515896,Buy,-,https://nsearchives.nseindia.com/corporate/xbrl/IT_1169513_1234047_29082024010239_WEB.xml,Promoters,484945,0.31,3477170,Equity Shares,3962115,2.54,24-Aug-2024,24-Aug-2024,27-Aug-2024,Gift,-,NA,-
KEEPLEARN,DSJ Keep Learning Limited,7(2),Laxmi Padode,29-Aug-2024 13:02,1169513,,0,0,0,0,Equity Shares,3477170,515895,Sell,-,https://nsearchives.nseindia.com/corporate/xbrl/IT_1169513_1234047_29082024010239_WEB.xml,Promoters,3477170,2.23,3477170,Equity Shares,Nil,0,24-Aug-2024,24-Aug-2024,27-Aug-2024,Gift,-,NA,-
KEEPLEARN,DSJ Keep Learning Limited,7(2),Laxmi Vijaysingh Padode,29-Aug-2024 13:02,1169513,,0,0,0,0,Equity Shares,3477170,515897,Sell,-,https://nsearchives.nseindia.com/corporate/xbrl/IT_1169513_1234047_29082024010239_WEB.xml,Promoters,3477170,2.23,3477170,Equity Shares,Nil,0,24-Aug-2024,24-Aug-2024,27-Aug-2024,Gift,-,NA,-
ADFFOODS,ADF Foods Limited,7(2),Bimal R. Thakkar,29-Aug-2024 12:31,1169507,,0,0,0,0,Equity Shares,2976230,515883,Buy,-,https://nsearchives.nseindia.com/corporate/xbrl/IT_1169507_1234017_29082024123142_WEB.xml,Promoters,11394620,10.37,0,Equity Shares,14370850,13.08,26-Aug-2024,26-Aug-2024,28-Aug-2024,Inter-se-Transfer,-,NA,-
ADFFOODS,ADF Foods Limited,7(2),"Bimal R. Thakkar HUF (Bimal Thakkar, Karta)",29-Aug-2024 12:31,1169507,,0,0,0,0,Equity Shares,2976230,515882,Sell,-,https://nsearchives.nseindia.com/corporate/xbrl/IT_1169507_1234017_29082024123142_WEB.xml,Promoters,2976230,2.71,0,Equity Shares,Nil,0,26-Aug-2024,26-Aug-2024,28-Aug-2024,Inter-se-Transfer,-,NA,-
WELSPUNLIV,Welspun Living Limited,7(2),"Balkrishan Goenka, Trustee of Welspun Group Master Trust",27-Aug-2024 19:41,1169397,,0,0,0,0,Equity Shares,7727451,515571,Sell,-,https://nsearchives.nseindia.com/corporate/xbrl/IT_1169397_1233017_27082024074113_WEB.xml,Promoters,676277416,69.59,1700039220,Equity Shares,668549965,69.7,23-Aug-2024,23-Aug-2024,27-Aug-2024,Others,-,NSE,-
PIDILITIND,Pidilite Industries Limited,7(2),Mala M. Parekh,27-Aug-2024 17:19,1169359,,0,0,0,0,Equity Shares,4742000,515485,Sell,-,https://nsearchives.nseindia.com/corporate/xbrl/IT_1169359_1232810_27082024051928_WEB.xml,Promoters,10055600,1.98,0,Equity Shares,5313600,1.04,23-Aug-2024,23-Aug-2024,26-Aug-2024,Gift,-,NA,-
PIDILITIND,Pidilite Industries Limited,7(2),Madhukar B. Parekh,27-Aug-2024 17:19,1169359,,0,0,0,0,Equity Shares,4742000,515484,Buy,-,https://nsearchives.nseindia.com/corporate/xbrl/IT_1169359_1232810_27082024051928_WEB.xml,Promoters,51551286,10.14,0,Equity Shares,56293286,11.07,23-Aug-2024,23-Aug-2024,26-Aug-2024,Gift,-,NA,-
RAMASTEEL,Rama Steel Tubes Limited,7(2),Naresh Kumar Bansal,27-Aug-2024 16:25,1169342,,0,0,0,0,Equity Shares,60000000,515421,Sell,-,https://nsearchives.nseindia.com/corporate/xbrl/IT_1169342_1232730_27082024042552_WEB.xml,Promoters,459740475,29.58,600240097,Equity Shares,399740475,25.72,26-Aug-2024,26-Aug-2024,27-Aug-2024,Market Sale,-,NSE,-
RAMASTEEL,Rama Steel Tubes Limited,7(2),Richi Bansal,27-Aug-2024 16:25,1169342,,0,0,0,0,Equity Shares,70000000,515422,Sell,-,https://nsearchives.nseindia.com/corporate/xbrl/IT_1169342_1232730_27082024042552_WEB.xml,Promoters,117696525,7.57,702220529,Equity Shares,47696525,3.07,26-Aug-2024,26-Aug-2024,27-Aug-2024,Market Sale,-,NSE,-
MAGNUM,Magnum Ventures Limited,7(2),Parv Jain,27-Aug-2024 15:36,1169327,,0,0,0,0,Equity Shares,8324255,515398,Buy,-,https://nsearchives.nseindia.com/corporate/xbrl/IT_1169327_1232660_27082024033623_WEB.xml,Promoter Group,4437500,6.68,83242550,Equity Shares,12761755,19.22,24-Aug-2024,24-Aug-2024,26-Aug-2024,Gift,-,NA,-
MAGNUM,Magnum Ventures Limited,7(2),Parveen  Jain,27-Aug-2024 15:36,1169327,,0,0,0,0,Equity Shares,8324255,515397,Sell,-,https://nsearchives.nseindia.com/corporate/xbrl/IT_1169327_1232660_27082024033623_WEB.xml,Promoters,16648510,25.07,83242550,Equity Shares,8324255,12.54,24-Aug-2024,24-Aug-2024,26-Aug-2024,Gift,-,NA,-
KANANIIND,Kanani Industries Limited,7(2),HARSHIL PREMJIBHAI KANANI,24-Aug-2024 10:54,1169179,,0,0,0,0,Equity Shares,3400000,515112,Sell,-,https://nsearchives.nseindia.com/corporate/xbrl/IT_1169179_1231692_24082024105411_WEB.xml,Promoters,52294694,26.43,9905301,Equity Shares,48894694,24.71,23-Aug-2024,23-Aug-2024,24-Aug-2024,Market Sale,-,NSE,-
ISHAN,Ishan International Limited,7(2),Shantanu Srivastava,23-Aug-2024 23:04,1169173,,0,0,0,0,Equity Shares,39984000,515026,Sell,-,https://nsearchives.nseindia.com/corporate/xbrl/IT_1169173_1231661_23082024110441_WEB.xml,Promoters,109173330,50.49,89000000,Equity Shares,69189330,32,20-Aug-2024,23-Aug-2024,23-Aug-2024,Market Sale,-,NSE,-
SBCL,Shivalik Bimetal Controls Limited,7(2),TSL HOLDINGS PRIVATE LIMITED,23-Aug-2024 18:44,1169156,,0,0,0,0,Equity Shares,3379400,514977,Sell,-,https://nsearchives.nseindia.com/corporate/xbrl/IT_1169156_1231508_23082024064430_WEB.xml,Promoters,3379400,5.87,1983538830,Equity Shares,Nil,0,22-Aug-2024,22-Aug-2024,23-Aug-2024,Inter-se-Transfer,-,NA,-
CYIENTDLM,Cyient Dlm Limited,7(2),Cyient Limited,23-Aug-2024 14:39,1169089,,0,0,0,0,Equity Shares,11499390,514834,Sell,-,https://nsearchives.nseindia.com/corporate/xbrl/IT_1169089_1231110_23082024023910_WEB.xml,Promoters,52865892,66.66,8739482255,Equity Shares,41366502,52.16,21-Aug-2024,21-Aug-2024,22-Aug-2024,Others,-,BSE,-
VISASTEEL,Visa Steel Limited,7(2),VISA Industies Limited,23-Aug-2024 13:00,1169078,,0,0,0,0,Equity Shares,5090000,514812,Buy,-,https://nsearchives.nseindia.com/corporate/xbrl/IT_1169078_1231020_23082024010044_WEB.xml,Promoter Group,11500000,9.93,99942184,Equity Shares,16590000,14.33,19-Aug-2024,19-Aug-2024,21-Aug-2024,Market Purchase,-,NSE,-
KANANIIND,Kanani Industries Limited,7(2),HARSHIL PREMJIBHAI KANANI,23-Aug-2024 11:20,1169056,,0,0,0,0,Equity Shares,3000000,514787,Sell,-,https://nsearchives.nseindia.com/corporate/xbrl/IT_1169056_1230934_23082024112019_WEB.xml,Promoters,55294694,27.95,8728446,Equity Shares,52294694,26.43,22-Aug-2024,22-Aug-2024,23-Aug-2024,Market Sale,-,NSE,-
ESSENTIA,Integra Essentia Limited,7(2),VISHESH GUPTA,22-Aug-2024 21:11,1169037,,0,0,0,0,Equity Shares,26042062,514756,Sell,-,https://nsearchives.nseindia.com/corporate/xbrl/IT_1169037_1230842_22082024091109_WEB.xml,Promoters,197646954,18.51,119260779,Equity Shares,171604892,16.07,16-Aug-2024,20-Aug-2024,20-Aug-2024,Market Sale,-,"BSE,NSE",-
AGSTRA,AGS Transact Technologies Limited,7(2),Ravi Goyal Family Trust (Represented by its Trustees),19-Aug-2024 23:07,1168766,,0,0,0,0,Warrants,6900000,514242,Buy,-,https://nsearchives.nseindia.com/corporate/xbrl/IT_1168766_1228990_19082024110758_WEB.xml,Promoter Group,Nil,0,136706250,Warrants,6900000,34.31,14-Aug-2024,14-Aug-2024,16-Aug-2024,Preferential Offer,-,NA,-
AGSTRA,AGS Transact Technologies Limited,7(2),Anupama Goyal Family Trust (Represented by its Trustees),19-Aug-2024 23:07,1168766,,0,0,0,0,Warrants,6900000,514243,Buy,-,https://nsearchives.nseindia.com/corporate/xbrl/IT_1168766_1228990_19082024110758_WEB.xml,Promoter Group,Nil,0,136706250,Warrants,6900000,34.31,14-Aug-2024,14-Aug-2024,16-Aug-2024,Preferential Offer,-,NA,-
ESSENTIA,Integra Essentia Limited,7(2),VISHESH GUPTA,14-Aug-2024 18:29,1168613,,0,0,0,0,Equity Shares,24572803,513873,Sell,-,https://nsearchives.nseindia.com/corporate/xbrl/IT_1168613_1226548_14082024062925_WEB.xml,Promoters,222219757,20.81,114876875,Equity Shares,197646954,18.51,12-Aug-2024,14-Aug-2024,14-Aug-2024,Market Sale,-,"BSE,NSE",-
SUNDRMFAST,Sundram Fasteners Limited,7(2),TVS Sundram Fasteners Private Limited,14-Aug-2024 16:08,1168566,,0,0,0,0,Equity Shares,3295500,513728,Sell,-,https://nsearchives.nseindia.com/corporate/xbrl/IT_1168566_1225589_14082024040822_WEB.xml,Promoters,101615280,48.36,4343469000,Equity Shares,98319780,46.79,13-Aug-2024,13-Aug-2024,14-Aug-2024,Others,-,NSE,-
ADANIPOWER,Adani Power Limited,7(2),Hibiscus Trade and Investment Ltd.,08-Aug-2024 19:26,1168336,,0,0,0,0,Equity Shares,3100000,513171,Buy,-,https://nsearchives.nseindia.com/corporate/xbrl/IT_1168336_1217654_08082024072621_WEB.xml,Promoter Group,9200000,0.24,2156002708,Equity Shares,12300000,0.32,07-Aug-2024,07-Aug-2024,08-Aug-2024,Market Purchase,-,NSE,-
ADANIPOWER,Adani Power Limited,7(2),Hibiscus Trade and Investment Ltd.,07-Aug-2024 16:36,1168260,,0,0,0,0,Equity Shares,4100000,513019,Buy,-,https://nsearchives.nseindia.com/corporate/xbrl/IT_1168260_1215454_07082024043645_WEB.xml,Promoter Group,5100000,0.13,2858019304,Equity Shares,9200000,0.24,06-Aug-2024,06-Aug-2024,07-Aug-2024,Market Purchase,-,NSE,-
ADANIPOWER,Adani Power Limited,7(2),Hibiscus Trade and Investment Ltd.,07-Aug-2024 16:28,1168255,,0,0,0,0,Equity Shares,5100000,513013,Buy,-,https://nsearchives.nseindia.com/corporate/xbrl/IT_1168255_1215429_07082024042828_WEB.xml,Promoter Group,Nil,0,3575278485,Equity Shares,5100000,0.13,05-Aug-2024,05-Aug-2024,06-Aug-2024,Market Purchase,-,NSE,-
INOXGREEN,Inox Green Energy Services Limited,7(2),Inox Leasing and Finance Limited,06-Aug-2024 19:42,1168225,,0,0,0,0,Warrants,27586206,512950,Buy,-,https://nsearchives.nseindia.com/corporate/xbrl/IT_1168225_1214593_06082024074245_WEB.xml,Promoter Group,Nil,0,1000000000,Warrants,27586206,6.74,02-Aug-2024,02-Aug-2024,03-Aug-2024,Preferential Offer,-,NA,-
INOXGREEN,Inox Green Energy Services Limited,7(2),Inox Wind Limited,06-Aug-2024 19:42,1168225,,0,0,0,0,Equity Shares,41666666,512949,Buy,-,https://nsearchives.nseindia.com/corporate/xbrl/IT_1168225_1214593_06082024074245_WEB.xml,Promoters,163608625,55.72,2000000000,Equity Shares,205275291,56.35,02-Aug-2024,02-Aug-2024,03-Aug-2024,Preferential Offer,-,NA,-
INOXGREEN,Inox Green Energy Services Limited,7(2),Inox Wind Limited,06-Aug-2024 19:42,1168225,,0,0,0,0,Convertible preference shares,200000000,512951,Sell,-,https://nsearchives.nseindia.com/corporate/xbrl/IT_1168225_1214593_06082024074245_WEB.xml,Promoters,200000000,99.99,2000000000,Convertible preference shares,Nil,0,02-Aug-2024,02-Aug-2024,03-Aug-2024,Conversion of security,-,NA,-
KRITI,Kriti Industries (India) Limited,7(2),KRITI NUTRIENTS LIMITED,01-Aug-2024 19:49,1168105,,0,0,0,0,Warrants,3092480,512723,Buy,-,https://nsearchives.nseindia.com/corporate/xbrl/IT_1168105_1209807_01082024074942_WEB.xml,Promoter Group,Nil,0,122539520,Warrants,3092480,5.24,27-Jul-2024,27-Jul-2024,30-Jul-2024,Preferential Offer,-,NA,-
VHLTD,Viceroy Hotels Limited,7(2),Loko Hospitality Private Limited,31-Jul-2024 15:00,1168051,,0,0,0,0,Equity Shares,3157895,512635,Sell,-,https://nsearchives.nseindia.com/corporate/xbrl/IT_1168051_1207646_31072024030035_WEB.xml,Promoters,60000000,95,355259698,Equity Shares,56842105,90,29-Jul-2024,30-Jul-2024,31-Jul-2024,Others,-,BSE,-
MELSTAR,Melstar Information Technologies Limited,7(2),SHIVASONS SOLUTIONS INDIA PRIVATE LIMITED,30-Jul-2024 19:40,1168045,,0,0,0,0,Equity Shares,2792000,512621,Buy,-,https://nsearchives.nseindia.com/corporate/xbrl/IT_1168045_1207135_30072024073959_WEB.xml,Promoters,Nil,0,27920000,Equity Shares,2792000,16.35,24-Jul-2024,24-Jul-2024,29-Jul-2024,Others,-,"BSE,NSE",-
